{
  "version": 1,
  "author": "Edson Rainha Fonseca Junior RM558354",
  "editor": "wokwi",
  "parts": [
    { "type": "wokwi-breadboard-half", "id": "bb1", "top": 45, "left": -198.8, "attrs": {} },
    {
      "type": "wokwi-arduino-uno",
      "id": "uno",
      "top": -31.8,
      "left": 193.4,
      "rotate": 90,
      "attrs": {}
    },
    {
      "type": "wokwi-resistor",
      "id": "r1",
      "top": 109.55,
      "left": -153.6,
      "attrs": { "value": "1000" }
    },
    {
      "type": "wokwi-resistor",
      "id": "r2",
      "top": 109.55,
      "left": 28.8,
      "attrs": { "value": "1000" }
    },
    {
      "type": "wokwi-resistor",
      "id": "r3",
      "top": 109.55,
      "left": -67.2,
      "attrs": { "value": "1000" }
    },
    {
      "type": "wokwi-led",
      "id": "led1",
      "top": 63.6,
      "left": -178.6,
      "attrs": { "color": "red" }
    },
    {
      "type": "wokwi-led",
      "id": "led2",
      "top": 63.6,
      "left": -92.2,
      "attrs": { "color": "yellow" }
    },
    { "type": "wokwi-led", "id": "led3", "top": 63.6, "left": 3.8, "attrs": { "color": "green" } },
    {
      "type": "wokwi-dht22",
      "id": "dht1",
      "top": -210.9,
      "left": 109.8,
      "attrs": { "temperature": "20.9", "humidity": "67.5" }
    },
    { "type": "wokwi-lcd1602", "id": "lcd1", "top": -495.77, "left": 438.4, "attrs": {} },
    {
      "type": "wokwi-buzzer",
      "id": "bz1",
      "top": -247.2,
      "left": 289.8,
      "attrs": { "volume": "0.1" }
    }
  ],
  "connections": [
    [ "bb1:bn.24", "bb1:21t.d", "black", [ "v-58.9", "h-75.2" ] ],
    [ "bb1:bn.23", "bb1:11t.d", "black", [ "v-49.3", "h-161.6" ] ],
    [ "bb1:bn.22", "bb1:2t.d", "black", [ "v-39.7", "h-238.4" ] ],
    [ "uno:3.3V", "bb1:bp.25", "black", [ "h0" ] ],
    [ "r2:2", "uno:4", "green", [ "v-144", "h411.6", "v259.2" ] ],
    [ "r3:2", "uno:5", "yellow", [ "v-163.2", "h526.8", "v259.2" ] ],
    [ "r1:2", "uno:6", "red", [ "v-182.4", "h632.4", "v9.6" ] ],
    [ "bz1:1", "uno:7", "blue", [ "v67.2", "h124.8", "v211.2" ] ],
    [ "dht1:VCC", "uno:5V", "blue", [ "v0" ] ],
    [ "dht1:SDA", "uno:2", "blue", [ "v19.2", "h307.3", "v249.6" ] ],
    [ "r1:1", "bb1:3t.c", "", [ "$bb" ] ],
    [ "r1:2", "bb1:9t.c", "", [ "$bb" ] ],
    [ "r2:1", "bb1:22t.c", "", [ "$bb" ] ],
    [ "r2:2", "bb1:28t.c", "", [ "$bb" ] ],
    [ "r3:1", "bb1:12t.c", "", [ "$bb" ] ],
    [ "r3:2", "bb1:18t.c", "", [ "$bb" ] ],
    [ "led1:A", "bb1:3t.b", "", [ "$bb" ] ],
    [ "led1:C", "bb1:2t.b", "", [ "$bb" ] ],
    [ "led2:A", "bb1:12t.b", "", [ "$bb" ] ],
    [ "led2:C", "bb1:11t.b", "", [ "$bb" ] ],
    [ "led3:A", "bb1:22t.b", "", [ "$bb" ] ],
    [ "led3:C", "bb1:21t.b", "", [ "$bb" ] ],
    [ "lcd1:RS", "uno:13", "orange", [ "v268.8", "h-9.3", "v124.8" ] ],
    [ "lcd1:E", "uno:12", "orange", [ "v288", "h28.8", "v144" ] ],
    [ "lcd1:D4", "uno:11", "orange", [ "v441.6", "h-9.6" ] ],
    [ "lcd1:D5", "uno:10", "orange", [ "v0" ] ],
    [ "lcd1:D6", "uno:9", "orange", [ "v0" ] ],
    [ "lcd1:D7", "uno:8", "orange", [ "v0" ] ],
    [ "bz1:2", "uno:GND.2", "blue", [ "v57.6", "h-115.6", "v201.6" ] ],
    [ "dht1:GND", "uno:GND.3", "black", [ "v0" ] ],
    [ "bb1:bn.25", "uno:GND.1", "black", [ "v-1.3", "h366.4", "v-201.6" ] ],
    [ "lcd1:RW", "dht1:NC", "orange", [ "v249.6", "h-86.5" ] ]
  ],
  "dependencies": {}
}